text,size
aadhar,1
aamarsh,2
abc,2
abigail,2
ability,1
abo,1
abuse,10
abusive,1
access,2
account,5
ache,1
achtterjee,3
across,1
act,1
activism,1
actual,1
actually,2
acumen,22
adam,1
add,2
adhd,1
administration,1
adrian,3
adult,1
adviser,1
advocating,1
affect,1
afraid,6
agedteen,1
agenc,1
agent,4
ago,6
ahead,2
ai,1
aint,1
aka,1
alberta,3
albertehstein,2
alcshot,1
alert,3
alexjonesisinsane,1
alexmorash,1
alive,1
alllivesmatter,1
almost,2
alone,1
along,7
already,1
also,5
altruism,2
altstatedpt,1
always,2
aly,1
alyst,1
amaditalks,1
amazing,6
amazon,30
ambjohnbolton,11
amccloggan,17
america,1
american,8
amp,33
analyze,2
ananavarro,1
angelou,1
angry,1
animal,4
animalabuse,1
animaladvocate,3
animalcruelty,2
animaldefenders,1
animalwatch,2
annarowe,9
anncoulter,1
annoykurtz,1
another,3
antisocial,2
anybodys,1
anyone,3
anything,2
ap,6
apcentralregion,2
apparently,2
appointed,1
appreciate,3
apricotjammies,1
apwestregion,2
arguing,1
arguingwith,1
ari,1
arm,1
arming,1
arnold,1
around,1
art,29
artificially,1
artist,1
aryanna,1
ascendancy,1
ask,2
asked,1
asshole,1
asswipe,1
asylum,1
atm,1
atmos,1
atonic,4
attack,4
attracted,1
audre,1
audsley,6
austin,6
austinbomber,3
authority,1
available,6
avoid,2
avoided,1
avramovk,4
awareness,10
away,1
awkward,3
aww,1
b,2
babe,1
back,56
bad,9
bag,1
ballanced,1
bank,1
bannermans,4
bar,2
barabbasmctaint,1
barack,1
barbannpa,1
barbarian,1
barbaric,1
barrycunningham,1
basically,2
basilbear,1
bathsinbloodofdeadchildren,1
bbcbreaking,1
bear,2
beautiful,72
becaused,1
become,7
becomes,1
bed,2
befriend,1
begin,1
behalf,1
behaving,1
behavior,2
behavioralanalysis,1
behaviour,2
beheading,1
behind,3
believe,1
belong,18
belongs,2
best,28
beta,6
better,7
betwn,1
beyond,1
big,1
bigot,1
bigpharma,1
billkeywest,1
binafide,1
bird,2
bitch,1
bizarrorp,1
black,1
bleeding,1
blindly,1
blocked,1
blonde,4
blood,2
blow,2
bocavista,1
body,3
bolton,2
bomber,4
bombing,1
bonespur,1
book,67
bookthe,1
booktribe,5
boonevillebully,1
boot,2
borderline,2
boris,1
born,1
bornfree,1
bout,1
boy,2
brained,2
brainhealthcare,1
bred,1
breed,1
bren,2
briankhahn,1
brief,1
brilliant,1
brocktune,1
broke,1
brought,2
budderside,3
budget,1
buffoon,3
build,1
bullshit,2
bully,1
bunch,2
buried,13
bush,6
business,1
busy,1
c,5
ca,2
cahnemily,1
calculated,1
call,5
called,3
callmelucy,1
came,2
campbellclaret,1
cancrime,2
cann,1
cannot,6
cant,5
capitolalert,1
captain,7
car,1
care,4
caring,1
carmel,6
carrey,1
case,7
cat,2
catfish,10
caught,3
cause,1
caused,1
cbrmj,3
cee,2
celebrating,1
celebrity,1
censored,1
central,1
cer,1
certain,2
certainly,1
ch,1
chadbrooker,1
challenged,1
chance,2
change,1
changeatire,1
character,1
charge,1
charged,1
charlottelawr,13
charlottelawrs,1
charming,1
cheated,1
cheating,1
check,8
child,7
childabuse,1
childmari,8
childr,2
chilling,1
chillypaige,3
chris,1
chriscjackson,3
chrislhayes,1
christian,1
christianzionist,1
christinap,4
chubailiang,4
chumplady,1
cia,1
citizensknow,2
civil,2
cl,1
classmate,2
clearly,2
click,3
closer,2
clown,1
clydesdale,6
cnn,1
cnt,1
codependency,2
coding,1
coffee,1
coldcase,6
collaborative,6
collinrugg,1
come,2
coming,1
comm,6
common,5
companion,1
company,2
compas,1
compassion,4
compassionate,2
complete,2
complimentsfromtheheart,1
computer,2
condom,1
confession,4
confirmed,3
conflict,1
confusing,2
conman,1
conscience,4
consequence,1
conservative,2
constitution,4
consul,1
contact,1
context,1
continues,2
control,2
conversation,2
cool,1
cooper,1
corbyn,3
cosmicfirepeace,4
could,79
couldnt,3
count,3
country,5
couple,2
courage,1
course,1
cover,28
coverreveal,28
coward,7
crap,1
crawl,1
craziest,1
craziness,1
crazy,1
crazyass,1
creating,1
creativiapub,94
creatu,1
creature,1
credible,4
creepy,2
crime,1
criminal,4
criminalminds,1
criticasinmiedo,3
criticized,1
crosscultural,1
crown,1
crunchysadomasochist,1
crush,2
cruz,1
cry,2
cshellswells,1
ct,4
cuckoofilms,2
cuddle,2
curtfloodjr,2
cut,36
cyber,22
cyberstalker,3
cycle,3
daily,1
damn,1
dana,1
dang,1
danger,3
dangerous,6
dangeroushedges,1
danielmalauthor,3
danish,1
dare,71
dark,2
darkness,27
date,4
dateduaubdedububeduaubdedububeduaubdedububeduaubdedubueduaubdedubueduaubdedubueduaubdedubu,1
dating,2
daughter,1
david,2
davidcreativia,3
davidhogg,12
davidkoreshjunior,1
davidtattwood,3
davina,1
day,4
daysinitaly,1
dcohlander,1
de,1
dead,9
deadbodies,13
deal,1
dealing,1
death,28
decade,1
decision,1
deeoneayekooto,1
deep,1
deepidhaliwal,1
deepstateagent,1
defacating,1
deficiency,1
definitely,2
definition,3
deg,1
degree,1
dehydration,1
deledarling,1
deleting,2
delicateonspotify,1
delusional,2
democrat,1
denounced,1
depending,1
deplorable,1
depr,1
depressed,2
depth,26
deranged,1
descend,26
described,2
deserve,2
deserves,1
destiny,2
destroy,1
destroyer,1
detached,1
detail,1
devalue,3
devinnunes,2
devoid,1
diabolical,1
dictator,1
didnt,1
die,1
died,1
difference,2
difficult,15
digby,4
directly,1
disagree,1
disappear,1
disappointed,1
discard,3
discovered,1
discredit,1
disgusting,1
dismissed,1
display,1
dissects,1
dissociativeindentitydisorder,1
distinguishedperson,2
distu,1
disturbing,1
divinepunishment,1
divorcing,2
djsanjee,1
dloesch,6
dmorrismichael,4
dnc,1
document,3
dodge,1
doe,5
doesnt,5
dog,2
doll,1
domesticabuse,11
domesticated,1
domesticterrorist,2
domesticviolence,12
dominionist,1
donaldtrumps,2
donnytrumpster,1
dont,15
doomed,3
dorritr,1
dotard,5
douche,1
dovidell,1
dr,3
draculavlad,3
draft,1
draftdodger,1
drama,1
draw,1
drawing,1
dream,1
driveoffamountain,1
drop,1
drrhondafreeman,3
drug,1
due,1
dusting,5
dying,6
dylan,1
dylansprouse,1
early,1
easter,1
edition,2
edkrassen,1
eduaubcedubcubceduaubcedubduempaths,2
eduaubcedubdueduaubcedubdu,1
eduaubcedubdueduaubcedubdunarcissists,1
eduaubcedubdueduaubdedubu,2
eduaubcedubeua,3
eduaubdedubu,4
eduaubdedubua,6
eduaubdedubuaa,71
eduaubdedubuaeduaubcedubfubb,1
eduaubdedubuaeduaubcedubfubc,1
eduaubdedubueduaubcedubfubeeduaubdedubueduaubcedubfubeeduaubdedubueduaubcedubfubeeduaubdedubueduaubcedubfubeeduaubdedubueduaubcedubfubeeduaubdedubueduaubcedubfube,3
eduaubdedubueduaubdedubu,4
eduaubdedubueduaubdedubud,1
eduaubdedubujust,1
eduaubeedubuae,1
eduaubeedubuaf,1
eduaubeedubueduaubeedubu,1
eff,1
eg,1
ego,1
either,2
electe,1
elephant,1
elerhinomarch,2
elizlanders,1
else,2
embarrassment,2
embr,1
embrace,14
emmachange,1
emotion,1
emotional,8
emotionalabuse,1
emotionalintelli,1
emotionally,2
empath,1
empathy,6
employee,1
en,5
encryptionpaper,7
end,4
endorse,1
endure,3
enemy,4
enews,1
engineer,22
enjoy,6
enjoying,1
enough,3
enter,1
entire,1
episode,3
equation,1
erdogan,1
ericbennett,1
error,1
especially,2
et,1
etc,1
ev,1
eve,1
even,7
event,1
ever,4
every,5
everyone,3
everyones,1
everything,2
evidence,4
evil,15
evileyeswarning,7
evolution,2
ex,2
except,1
excerpt,2
excuse,2
existance,2
exists,3
experience,1
exposedmagsheff,3
expressing,18
exspy,1
externalized,1
extreme,1
extremely,2
extremist,1
eye,2
f,1
face,4
fact,2
factor,2
fail,2
failure,3
fairly,1
faithflaherty,1
fake,2
fakeaf,2
fakepresident,1
faking,1
family,4
familycourts,1
fanatic,1
fascination,1
fatefulchance,1
faught,22
favorite,1
favourite,1
fbi,1
fbr,5
fbrparty,9
fear,4
fearing,1
feel,5
feeli,1
feeling,20
feminine,2
fever,1
fiction,7
fight,3
figure,1
film,1
finally,1
financial,3
fined,1
finest,1
fing,1
firea,1
fired,1
firing,1
first,3
fish,1
five,1
fkae,1
flashbackex,1
flightcrewgreat,1
flightcrews,1
flow,1
flyingmonkeysa,1
folk,2
follow,2
followbackresistance,4
follower,5
following,3
followyourfire,1
food,2
fool,1
foolish,1
forever,5
forgive,1
foriegnsecretary,3
foulest,26
found,2
fourth,1
fox,1
frankie,4
fraud,1
free,4
freespeech,1
friend,5
frostnhstaterep,1
fu,1
fuck,2
fucking,4
fuct,1
full,1
fully,15
functioning,1
fuse,1
ga,1
gabkmfl,2
gaddafi,1
gain,2
game,2
gaslight,2
gay,1
gazley,2
geezus,1
general,1
generally,1
george,1
get,14
getalife,1
getsafeonline,4
getting,1
gf,1
giddy,1
gina,1
girl,4
girllsssss,1
girlsjustwannahavefun,1
girobillard,1
give,4
giving,1
gloat,4
go,29
gofuckyourself,1
going,14
goldwaterrule,1
gone,3
gonna,2
good,6
goodread,1
goof,1
goony,2
gop,8
gopchairwoman,4
got,3
goudin,1
government,1
govt,3
graf,5
grandiosity,18
grav,2
great,5
greek,1
grip,1
grizzly,1
groper,1
group,2
growing,1
growup,1
gruesomely,1
gtgt,3
gtspeduaubcedubeuaftting,7
gtthe,7
guard,1
guarenteed,1
guess,3
guilt,1
guitar,1
gun,2
guncontrol,1
gunsweedliberty,1
guy,4
h,7
ha,22
hacker,3
hackerinfozone,7
hagen,1
haiku,1
haikudiva,1
haish,2
half,1
hantspolice,1
hantspolplod,1
happen,7
happened,2
happens,2
hard,6
hardworkmy,1
haspel,1
hate,1
hatecrime,1
hatefilled,1
hatespeech,1
hatredfed,1
hav,5
hawking,1
head,3
headline,1
headsoffuk,3
headsup,1
healer,1
healingcptsd,5
healthre,1
heard,2
hearing,2
heart,2
hed,1
heed,1
hell,27
help,7
helped,1
helping,11
herd,1
hereeee,6
hidden,13
hide,1
high,1
hillaryclinton,2
himse,1
hindt,4
hire,1
historical,6
history,22
hit,1
hoarsewisperer,1
hogg,4
holiday,2
hollywood,2
home,1
homeeveryone,1
hometown,35
honesty,5
hope,2
horrible,1
horror,28
horse,5
hospital,4
hotline,2
house,4
hrc,1
htt,2
http,21
httpst,1
httpstcoabtbrjvvz,1
httpstcoadumxcudo,1
httpstcoahtbgcyscc,1
httpstcoassezqr,1
httpstcoatgujrs,1
httpstcoavgogywt,1
httpstcobivthosc,1
httpstcobksies,1
httpstcoblxavzmqyu,1
httpstcobozuiljxin,1
httpstcobqqnsdruqq,3
httpstcobxlmgias,10
httpstcobysqbrhr,1
httpstcobzypdasnm,1
httpstcocaddgz,1
httpstcocbenghic,1
httpstcoccczuccno,1
httpstcoccpuchoei,1
httpstcochegzywfg,1
httpstcochpjrkdab,1
httpstcockvhyfllpq,1
httpstcoclagoev,1
httpstcoclyyxdn,1
httpstcocpvbijso,1
httpstcocqsdaxjrto,1
httpstcocrgsbc,1
httpstcocrocaoxvzb,1
httpstcocsbmduxw,6
httpstcocwhcjnqfb,1
httpstcoddhygmshi,1
httpstcoddpdpwepn,1
httpstcodeekbeyk,1
httpstcodfjbrvsff,1
httpstcodiudoauj,1
httpstcodqeukxwudo,1
httpstcodqkavgu,1
httpstcodumfndtuh,1
httpstcodusqliryi,1
httpstcodvqxszem,1
httpstcoeixeikcsyr,1
httpstcoejagswh,1
httpstcoejvckrw,1
httpstcoeknnujzk,1
httpstcoelabpidbf,1
httpstcoeogkhceyy,1
httpstcoepguqhplt,1
httpstcoeplhrn,3
httpstcoepvjlbfap,1
httpstcoerlvzkkv,1
httpstcoewhxmbnec,1
httpstcoewtlzrwqe,2
httpstcoewzsmvdklc,1
httpstcoexieolkxw,1
httpstcoexsxkxkq,1
httpstcoezgciwl,1
httpstcofehhfwc,1
httpstcofezgrjhzm,1
httpstcoffmwgjxwh,1
httpstcofgbozfrlph,1
httpstcofibbvljgm,1
httpstcofivljmfo,1
httpstcofkdqhpcyfi,1
httpstcofpcxpg,1
httpstcofqfbwgywp,1
httpstcofsrqrhxxbq,1
httpstcofszoxtsq,1
httpstcoftebnjrhm,1
httpstcofuckvxlv,1
httpstcofvsprzbbwv,1
httpstcofwpumvyoz,1
httpstcofxdtuasn,1
httpstcogakjixryk,1
httpstcogbpfpaiuun,1
httpstcogdhrtsxnv,1
httpstcogepukpdfkh,1
httpstcogfbireto,1
httpstcogfygbadtty,1
httpstcogjvsdnwfx,1
httpstcogkozmrxkq,1
httpstcogkpvllbdjg,1
httpstcoglkhtxugg,1
httpstcogqeewvld,1
httpstcogrzhlzfvr,1
httpstcogyepegk,1
httpstcohasjltcw,1
httpstcohdnlazob,1
httpstcohffenvhne,1
httpstcohnimxkvd,1
httpstcohohrumv,1
httpstcohoniiqlpj,1
httpstcohqenescl,1
httpstcohqfetbizv,1
httpstcohqurbzztxv,1
httpstcohtyhbnk,4
httpstcohvznewjvj,2
httpstcoietdixsw,1
httpstcoifbitw,1
httpstcoifuedphd,1
httpstcoiicnwtyni,1
httpstcoimomnzqp,1
httpstcoipnynqxwz,1
httpstcoisczpzaz,1
httpstcoitdjvf,1
httpstcoitqslnxs,1
httpstcoizxvx,1
httpstcojbhlwyoou,1
httpstcojennddgb,1
httpstcojhbclhpg,1
httpstcojievcecijg,1
httpstcojirctfm,1
httpstcojkitjsf,1
httpstcojlvgayz,1
httpstcojlyhxfnx,1
httpstcojmwiytl,1
httpstcojnecxpyzud,1
httpstcojofggflf,1
httpstcojqssvygw,1
httpstcojqztmpyxn,2
httpstcojssqmzl,1
httpstcojwlflfin,1
httpstcojwxrktlnc,1
httpstcojztoceqe,1
httpstcokaqbfnk,1
httpstcokchhnfe,1
httpstcokdlcfohqe,1
httpstcokgugavbw,1
httpstcokjotlk,1
httpstcokoooioky,1
httpstcokpwstuyyh,1
httpstcokqbnyjdt,1
httpstcokrnwccz,1
httpstcoksdqoiek,1
httpstcokskafhrvtg,1
httpstcokwmyradc,1
httpstcokzfssxzc,1
httpstcolbrwourc,1
httpstcolfpdvntbb,1
httpstcolhpmqafrq,1
httpstcoljvevjkfv,1
httpstcollrxqpcaa,1
httpstcollwddgfa,1
httpstcolnobanzvu,1
httpstcolpkbbagey,1
httpstcolqbudsnn,1
httpstcolrgjsraqy,1
httpstcolvdbyn,1
httpstcolyqiyqjfgw,1
httpstcomavhvadrz,1
httpstcomazekvtls,1
httpstcombvhyhzofv,1
httpstcomcqlaqolht,1
httpstcomdnmydejzq,1
httpstcomecsusowa,1
httpstcomjkk,1
httpstcomjuwncbsn,1
httpstcommfaanvp,1
httpstcomnbeblwry,1
httpstcomnjpxkwal,1
httpstcompzbxow,1
httpstcomqmhbmmde,1
httpstcomqzeiyvhm,2
httpstcomrhmyjivwg,1
httpstcomvturybvqs,1
httpstcomyaqkthtk,1
httpstcomyfrtyjj,1
httpstconbqqtehnw,1
httpstcondtzxzdt,1
httpstconebruvwggp,1
httpstconevmeioru,1
httpstconghwnluyir,1
httpstconjgledqad,1
httpstconjrvaycuh,1
httpstconkgfhxt,1
httpstconlgqwf,1
httpstconnzemgyhk,4
httpstconrhztcrfi,1
httpstconujojlqc,1
httpstconulnoisu,1
httpstconvbjjgqm,1
httpstconvrejtdvx,1
httpstconyskusxlww,1
httpstconzijaanz,1
httpstcooaymanfop,1
httpstcoobgjenhon,1
httpstcoobonnnxpzl,1
httpstcoodjdyujmn,1
httpstcoofqkutkdm,1
httpstcoohilpqh,1
httpstcoojjxtvqnwd,1
httpstcoolkziodi,1
httpstcoolleyctem,1
httpstcoopflscd,1
httpstcoostikeaxd,1
httpstcoosvdzokl,1
httpstcooubvhpqzt,1
httpstcoowxhjatui,1
httpstcooybzpohtcq,1
httpstcoozgqnmnq,1
httpstcopagvbux,1
httpstcopfieupg,1
httpstcopgutfgts,1
httpstcophyzshdf,1
httpstcoplgwhxwt,1
httpstcopobiiaxwt,1
httpstcopqlvdxif,1
httpstcopquczpmyu,1
httpstcoprxzrwhf,1
httpstcoptmlaely,1
httpstcopxchrgq,1
httpstcopxlpajyf,1
httpstcopxszsgooad,1
httpstcopxuoqcl,1
httpstcopylhprvvp,1
httpstcopyzxesq,1
httpstcopzhcdnqchw,1
httpstcopzirgtyv,1
httpstcopzvajdlp,1
httpstcoqatpwgdxq,1
httpstcoqdyqrsfw,1
httpstcoqjrnrbhz,1
httpstcoqmllhpqfy,1
httpstcoqnmavke,1
httpstcorajdda,1
httpstcordjujrgg,1
httpstcordlbpqnm,1
httpstcorexfylmj,1
httpstcorhtgzrua,1
httpstcormxsyqjfr,1
httpstcorpjzupih,1
httpstcorrtphjtomz,1
httpstcortwrjne,1
httpstcortzulybk,1
httpstcorubdomkhs,1
httpstcosanrfphkt,1
httpstcoscsqxtbg,1
httpstcosdrzqqyrqu,1
httpstcoseilqknj,1
httpstcosiokadrun,1
httpstcosozerttmei,1
httpstcosqijjhjzr,1
httpstcosrxvjdmtg,1
httpstcosslhpkk,1
httpstcosszcir,1
httpstcosugeddbt,1
httpstcosxpkb,7
httpstcoszfqzul,1
httpstcotbajusy,1
httpstcothnwmqbig,1
httpstcotinikwmll,1
httpstcotmvhojui,1
httpstcotptdkxxemx,1
httpstcotswzspc,1
httpstcottehjafyms,1
httpstcotthheaadp,1
httpstcotucazyfb,1
httpstcotukzkasnob,1
httpstcotvegqdrw,1
httpstcotwefygdiz,1
httpstcotwthlig,2
httpstcoufdckcdi,1
httpstcouiefvpacte,1
httpstcoukwwylzh,1
httpstcoulzbfdpulk,1
httpstcourarmex,1
httpstcourxejgl,1
httpstcouxwrpek,1
httpstcouyfwpxuvy,1
httpstcouzscpkhi,2
httpstcovadfcrtiya,1
httpstcoveoyilqu,1
httpstcovfbkntzkh,1
httpstcovhaunzbl,1
httpstcovhhocu,1
httpstcovhmkskwnl,1
httpstcovkbfiwsp,1
httpstcovklosltt,1
httpstcovlplnpxjv,1
httpstcovmhuvmug,1
httpstcovnwcpbivk,1
httpstcovoysuemtp,1
httpstcovpfrchdld,1
httpstcovsevjpyj,1
httpstcovsvukyhjls,1
httpstcovtjgcun,1
httpstcovvfyxcsc,1
httpstcowbaxeeed,1
httpstcowbobqqz,1
httpstcowcylgkert,1
httpstcowhpngnqpr,1
httpstcowjpqgfvd,1
httpstcowkymnaccr,1
httpstcowlnhxsrk,1
httpstcowmumywjx,1
httpstcowpvbqxoh,1
httpstcowspadxonjb,1
httpstcowthlfwbja,1
httpstcowtuvfhkv,1
httpstcowwhbbqrw,1
httpstcowzbetehq,1
httpstcowzqsfhagl,1
httpstcoxhqvxllv,1
httpstcoxibgpyu,1
httpstcoxigkfjeiv,1
httpstcoxkoymbmcvt,1
httpstcoxpvuuenej,1
httpstcoxqoyv,1
httpstcoxrmzujqu,1
httpstcoxxulytgq,1
httpstcoyatxwogu,1
httpstcoyehrttdzle,1
httpstcoygljcmewge,1
httpstcoygujtyjlh,2
httpstcoyheeqglu,1
httpstcoymwftrhk,1
httpstcoypdrogja,14
httpstcoyqnxmzrgf,5
httpstcoywurogztn,1
httpstcoyzwsulbfm,2
httpstcozcdinepjx,1
httpstcozcnfkfzf,1
httpstcozdjhouyh,1
httpstcozgjfj,1
httpstcozixduvmvuf,1
httpstcozoeaowwc,1
httpstcozrtdscndq,1
httpstcozsbrlkbfme,1
httpstcozshrmtvaid,1
httpstcoztupnort,1
httpstcozujsbjbcn,2
httpstcozusqmmuv,1
httpstcozvzoear,1
httpstcozwzydqtqu,2
httpstcozybmmwdw,1
huge,3
human,2
hunt,1
hurting,1
hwit,1
hyde,4
hyperdeveloped,2
hypocrite,3
iammamaduke,2
ibcutie,1
ice,1
id,1
ideal,3
idealize,3
idfsoldiergirl,1
idiocracy,1
idiot,2
ie,1
ifyouseesomethingsaysomething,1
ildiavolohomam,1
ill,3
illustration,1
ilorijean,1
im,12
imaginary,1
imagine,4
imho,2
imma,1
immediate,1
immediately,1
impale,1
impeachment,1
impeachtrumpnowasap,2
implemented,1
impolite,1
incident,1
incredible,2
indeed,2
independent,2
indieauthors,26
individual,3
inflicting,5
influence,3
info,23
inform,1
informal,28
informing,1
infront,1
ingraham,2
ingrahamangle,2
inhuman,2
inmyblood,1
innocent,2
insanity,26
inside,10
insider,1
integration,6
intelligent,72
inter,1
interpret,1
interview,2
intervieweduaubdedubu,1
intimacy,2
involved,1
iq,2
irishman,1
isdiabolical,2
isleoselkirk,1
isnt,21
issue,11
iv,1
ive,12
j,4
jackposobiec,1
jackstrange,2
jacobreesmogg,1
jail,1
jailed,2
jake,2
janeosanders,1
janssenglobal,1
january,1
jarjarabramss,2
jcaldwellmusic,1
jean,4
jeanerik,1
jeffvenuti,1
jekyl,1
jekyll,2
jerk,3
jerryburn,1
jessicamdenham,2
jesustakethewheel,1
jfcsboston,11
jim,2
jimcarrey,1
jimjordan,1
jimmypardo,1
jjsasha,1
joanne,1
job,1
joemiddleroad,1
joenbc,1
johnbolton,7
johndotbastable,1
johnkasich,1
join,1
joke,2
jones,1
jonronson,3
joshchin,1
joshgladwin,1
journalist,1
joy,1
joyannreid,1
jricole,1
julianpentest,5
juliantorrente,1
juliatetley,2
junior,1
justice,1
justininc,1
kalihai,1
kaskade,1
kathleenharrym,67
kathygriffin,3
katieschwartz,1
katy,4
katyisdsupt,1
kay,1
keep,3
keepalive,1
keeping,1
kendalljones,2
kenrberts,10
kickstart,1
kid,3
kill,3
killed,1
killer,16
killermike,1
killing,2
killingmurder,1
killintrusiont,12
kind,3
kindle,2
king,1
kingjames,1
kiss,2
kit,2
kitchen,2
kju,1
kkk,2
kkphotogal,1
kleb,1
klrwriter,1
km,1
knife,1
knive,1
know,32
knowmarried,1
known,3
konnnoorr,1
kthopkins,1
kug,1
kumailn,1
kurdistan,1
kylekashuv,1
l,3
la,1
lack,2
lady,1
lambsandiego,6
lance,4
language,2
lanza,1
late,2
latt,1
laugh,2
laundered,1
laundryman,3
laura,2
laurenhoggs,1
laurenwern,1
lauridmeizler,6
layover,2
ld,1
le,1
lear,2
learn,4
learned,6
learning,1
learns,35
learntoentertain,1
leash,1
leave,2
leeludlowart,3
leewolfx,3
lefitzpatrick,2
left,2
leftist,6
leftwingpropaganda,3
legit,1
leighmiranda,1
lesson,1
let,10
letting,1
liar,9
libert,3
lie,3
lied,1
life,117
lifeizgood,1
lifelong,2
lightworkers,2
like,48
likely,1
lil,1
lindseygrahamsc,2
linkgt,3
lionheart,2
liquatic,1
lisaaromano,2
list,1
listen,1
listened,2
little,3
liveteachlives,1
living,1
llaundryman,1
lmao,1
lo,1
locked,1
loesch,1
lofficielebony,1
logansteven,3
logic,2
lol,9
lolthe,1
londonmayor,3
look,18
looking,5
lorde,1
lose,2
loser,3
loses,46
lost,1
lostinjapan,1
loudertogether,1
louisallday,1
louisiana,1
lovable,2
love,20
lovebombing,1
lovefraud,10
lovesickteen,1
low,1
lower,2
luvfreedom,1
lvaloisxi,1
lying,7
mad,3
maddow,1
made,7
madeinchelsea,1
maga,1
magnificent,1
mainly,1
make,11
makecanadaga,1
making,1
man,6
mana,1
managed,1
manchild,1
mandymashburn,1
manifesting,1
manipulation,1
manipulative,2
many,16
manyfaces,1
mar,3
mara,1
march,3
marchforourlives,1
marebarpatriot,1
mariecreations,3
mark,1
markanthonyconditt,1
markdice,1
marksanford,1
marsh,2
martinshkreli,1
marydeal,88
maryland,1
masculine,1
mask,3
mason,81
mass,1
mattbarrs,1
matter,1
mattwalshblog,2
mauryriddick,1
may,8
maya,2
maybe,2
mcdonald,6
mcmurdo,6
mean,4
meanin,1
medical,2
medicating,1
medium,3
meehanascott,4
melber,1
melmahdy,1
memoir,1
men,1
mental,2
mentalhealth,18
mentalillness,1
mentality,1
mentally,3
mentallydisturbed,1
mentallyill,1
mercenary,22
merdealoco,2
merkel,1
messed,1
methis,2
mi,1
mia,46
mic,1
michael,1
michaelrapaport,1
mickmulvaneyomb,2
midnight,1
mig,1
migh,1
might,6
millennium,1
million,1
millionaire,1
min,1
mind,3
minute,5
miss,3
missingchild,46
missvertonghen,3
mistake,1
misteraleem,1
mistermisfit,1
mistreats,1
mittromney,1
modest,1
modeyellingcalling,1
mom,1
monkeybaatman,1
monster,2
mood,2
moodcards,1
mor,1
moral,2
morality,1
morganbmckean,1
morning,3
moron,2
mother,1
mourns,1
move,37
movie,1
mr,2
mrduck,3
msnbcs,1
much,22
mueller,2
murder,10
murdered,1
murderer,3
mushy,2
musician,1
must,3
mustread,1
mysoginist,1
myspacecom,1
n,1
naive,1
name,1
namikpaul,3
nancygrace,1
nancypelosi,1
nandannilekani,1
narcabusenomore,1
narcissism,1
narcissist,42
narcissistfree,1
narcissistic,3
narcissisticabuse,4
narcissisticpersonalitydisorder,3
narcopat,1
natgeo,1
nation,2
national,2
nattyslacks,3
naturally,1
navyveteran,2
nazi,1
nearly,46
need,14
nephew,2
nerve,3
neuros,2
never,15
nevergiveup,1
nevertrustatory,3
neverwas,1
new,82
newbook,28
newbooks,1
newcover,28
newmusicfriday,1
news,2
newsography,1
next,2
nhpolitics,1
nice,1
nickel,1
night,2
nikolas,1
ninanesbitt,15
noahgraycnn,1
none,1
normal,11
nose,1
noted,1
nothing,2
noticed,1
notley,3
notleymu,2
notmyluke,2
nowh,1
nowhere,1
npd,7
npdabuse,2
npdeduaubcedubdueduaubdedubub,1
nra,2
nrasellout,1
nuclear,2
nugent,1
nuke,1
nutrish,4
nypd,1
obama,1
observation,1
obsessed,4
obsession,1
obummer,18
odd,2
offer,1
office,4
oh,3
oil,3
okay,2
old,12
ole,1
oncamera,1
one,19
oneduaubdedubud,1
onionpolitics,2
onlinedating,5
onlinesafety,6
onlyjeanseixasm,1
onthelineaus,13
operational,1
opportunity,1
opting,1
option,6
orchest,1
orchestrat,1
order,2
oreo,1
originaltdubya,1
orwill,1
others,3
otherwise,1
overdrive,3
p,3
page,2
pageturner,1
pain,5
palestinosimpre,1
paranoia,2
paranoid,2
parasitic,1
parent,1
parkland,6
part,2
partner,1
past,4
pastemagazine,1
pastorlocke,1
patdentauthor,12
pathetic,2
pathological,1
pauldakers,2
pauljimerson,1
paulmasonnews,1
pay,3
pehicc,3
pencil,1
people,29
peoplebernie,1
peoplesuck,1
per,2
perfectly,6
person,27
personal,5
personality,1
pesto,1
pestononsunday,1
peteregan,1
peterwmurphy,1
peteswildlife,2
petition,1
petitionucgovmattmeadprotect,1
photo,2
phrase,1
phrma,1
physical,3
pick,1
picture,3
piece,1
piglet,4
pilot,7
place,2
placed,1
plain,2
plan,6
plantation,2
play,1
please,7
pleasure,5
pm,1
po,1
poisoning,1
pol,1
police,1
policebrutality,1
politeness,2
political,1
politician,1
politics,1
poll,84
pond,1
poopy,1
poor,3
poppysmission,18
population,1
porn,8
portablenewsle,2
posing,1
possible,1
possibly,1
post,3
potential,1
potus,7
power,1
prateeklsd,3
pray,2
precisely,1
predator,4
predict,1
preppers,2
presentation,1
presideent,1
president,7
preston,1
pretty,1
previously,1
primeminister,3
prince,1
prison,3
privilege,1
probably,17
problem,2
problematic,1
prof,1
profit,1
projection,1
proletarius,2
promise,1
prophet,1
proposal,1
propped,1
protect,1
protectearth,1
protectwldlife,6
prove,1
proven,4
provoking,2
psupporter,1
psy,17
psych,11
psychiatric,3
psychiatry,1
psycho,4
psychodelic,1
psychological,2
psychologist,2
psychology,3
psychop,1
psychopa,25
psychopah,1
psychopat,1
psychopath,473
psychopathabusive,1
psychopathchild,2
psychopathic,12
psychopathinchief,2
psychopathology,2
psychopathwith,1
psychopathy,8
published,3
publishing,1
puppet,2
pureevilwitch,1
purpose,2
pussy,1
put,74
putin,2
qourenomichal,1
queensryche,2
question,2
quick,1
r,5
raashby,1
race,1
rachaelray,2
rachaelrayshow,2
rachelmcrea,4
rachsyme,1
racist,4
rage,3
raised,1
ran,1
raniakhalek,1
rape,2
rapid,1
rare,2
rave,7
read,10
real,6
realdonaldtrump,14
realffk,1
reality,4
realitydetached,1
realizing,1
really,9
reason,2
rebelready,1
receipt,1
recent,1
recognize,1
recorded,8
redvines,4
referred,2
regret,2
regretting,1
relate,1
relati,3
released,3
religion,1
remember,1
remembered,5
removedontrump,1
repcummings,1
repeat,2
repmarkwalker,1
repost,1
represent,1
represents,1
republican,6
resist,1
resistance,2
responsible,2
restraining,2
result,1
ret,1
retarted,2
rev,1
revealed,1
revelling,1
review,7
reward,3
richardgoodstein,1
richardkallberg,1
ricksantorum,1
right,4
rightwing,1
ripoffreportcom,3
rivalry,1
rjrjrose,2
rjsmarketing,1
robrobbedwards,2
rocketman,6
romancefrau,3
romancefraud,6
romania,3
room,4
rosanthony,4
rosethewlf,4
round,1
rt,548
rubyrockstar,18
rude,1
ruin,2
russia,1
russian,1
sabrinahuntress,1
sacrifice,4
sad,3
sadgirlsloan,11
sadgirlsloans,2
safe,1
said,5
saker,1
salisbury,3
sallzestra,1
salon,1
sandradeeca,1
sara,81
sat,1
satanist,2
satchat,1
saturday,2
saturdaymotivation,1
save,4
saw,1
say,78
saying,2
sayshummingbird,1
scanner,6
scapegoat,1
scare,7
scene,4
schlockdoctrine,1
school,4
schwarzenegger,1
science,2
scienceofno,2
scientist,1
scotland,2
scottishbooks,2
seanhannity,1
secondmost,3
secret,8
security,1
see,9
seeing,1
seek,3
seeking,1
seemingly,1
segue,1
selarockwell,5
selfcarehaven,1
selfdefense,1
selfdiagnosed,1
selfesteem,1
selfish,1
sell,1
senategop,1
senbobcorker,1
sending,1
sends,3
senmajldr,2
sensanders,1
sense,2
sensed,2
sequel,46
serf,4
seria,10
serial,14
serialkiller,2
serialkillers,1
serio,1
serious,2
seriously,2
servant,1
setting,1
severely,1
sex,2
sexual,3
sexualpredator,4
sexy,1
sh,1
shame,2
shameless,1
shannonrwatts,4
share,2
shareblue,1
shark,1
shaveyourbeard,1
shes,1
shireenw,1
shit,3
shitstudentsay,1
shoot,3
short,38
shot,3
shotgun,1
shouldall,2
shove,1
show,5
showing,1
shtf,1
shut,1
sick,3
side,3
sidep,1
sign,3
silly,2
similar,1
since,4
single,7
site,2
situation,2
skeleton,13
sketch,2
skywalker,2
slam,2
slanderous,2
sle,1
sleep,3
sleepynaps,3
slightly,1
slime,1
smartsassylib,1
smell,1
smerconish,1
smile,1
smiled,4
snarky,1
snuff,1
sob,1
social,24
socialist,3
socialized,1
society,1
sociopath,17
sociopathy,1
soft,1
solution,1
somebody,5
someone,55
something,8
somethinga,2
sometimes,1
somuchofmemories,2
son,1
song,4
soon,2
sooooo,1
sorry,1
soryan,1
soul,6
soulless,1
soulmate,2
sound,3
southafrica,1
spank,1
spat,1
speak,1
speakerryan,2
special,3
specie,1
spend,2
spesh,1
spiritspeaksb,1
spoke,1
spokesperson,1
spot,2
spotify,9
spreaker,2
sriracha,1
sritha,3
st,5
sta,3
stabbed,1
stalked,12
stalker,1
stalkerhabits,1
stallone,4
stand,1
star,5
stared,1
start,3
starte,1
starveda,2
state,1
stati,5
staying,1
steal,1
stephan,3
sterlingartz,1
steveowriter,27
stevepieczenik,1
stick,1
still,9
stole,1
stoneman,2
stop,5
stor,1
straight,3
straightup,1
strange,1
strangelove,1
stranger,2
strangledher,2
student,3
studio,1
study,4
stuff,2
stupid,1
su,1
subliminalmessages,1
submissive,1
subtle,1
suffered,1
suicide,1
sum,10
summed,1
super,1
superintendent,4
support,3
supporter,2
supremacyst,1
surprise,1
survbako,1
survivalistdiaries,3
survivor,14
suspected,1
svizzerams,1
sweet,2
swordoftruth,1
symbol,1
symptom,21
synonymous,1
system,3
take,5
taking,2
tale,6
talk,2
talking,1
tanyams,3
tape,1
target,2
taylorswift,1
te,1
teach,1
teacher,1
technical,22
tedlieu,1
tednugent,5
teenage,1
teenvogue,1
tell,5
telling,2
ter,1
term,1
terrible,1
terror,26
terrorist,1
terrornews,2
test,4
testify,1
texas,5
texasgov,1
text,2
textbookexample,2
tgowdysc,1
th,7
tha,1
thank,1
thankyou,28
thats,3
theagentmaddi,1
theatre,1
theatrics,2
thedemocrats,2
thedonnapiranha,1
thefilmgoer,1
thegreys,2
thegreywolf,1
thehill,1
thehogg,1
thejoker,1
theme,1
themoodcards,2
thenightthinker,1
theonion,7
therapy,1
thereby,1
theresamay,1
theresavilliersanother,1
thes,1
thevaccines,1
theyorkshireslasher,71
thing,8
think,19
thinking,3
thisshe,2
tho,2
thomaspaine,1
thomaswictor,1
thornbridge,3
thought,10
thoughtfortheday,1
thre,1
thread,2
threat,1
threating,1
three,3
thrive,1
thus,2
tibet,1
tiki,3
till,1
time,10
timnotscott,1
today,11
todayucgrizzlybear,1
told,6
tom,1
tomarnold,1
tomilahren,1
tommillze,1
tomsegura,4
toneyeeyenot,25
tonyabbottmhr,1
tonyblair,3
tonyunplugged,1
took,5
top,1
torture,1
tory,3
toryball,1
tota,1
total,2
toting,2
touch,1
town,1
toxic,6
traceyleewrites,1
track,2
traitor,1
transfixed,2
translator,1
trashbag,4
trauma,1
traumatize,1
treated,1
trend,1
trending,1
trick,1
tried,1
trip,1
tripl,1
triple,1
trippy,1
triskeleweb,1
trophy,1
truecrime,2
trump,20
trumpsarockstar,1
trumpster,1
trust,4
trustworthy,1
truth,3
try,2
trying,9
tsecrime,3
tuesday,1
tune,1
turk,1
turkeysarmy,1
turn,2
turner,2
turning,1
tweet,2
twit,1
twitter,7
twittermoments,1
two,1
type,12
tyrannical,2
u,6
uabeduaubcedubdueduaubdedubub,7
uabthe,3
uabwhy,3
ubeduaubdedubu,1
ueduaubcedubduneuroscience,3
ueduaubcedubdupsychopathic,7
ueduaubcedubduwhat,7
ugly,6
ui,6
uk,3
uma,1
umm,3
unconcerned,1
unconnected,1
underhandedly,1
understand,1
undocumented,1
unfeeling,1
united,1
universalcredit,1
unknown,1
unleashed,1
unless,1
unstable,2
update,1
uploaded,2
urinallet,1
usa,6
usaeduaubdedubuaterrorist,1
use,1
used,10
useful,1
useyourbrain,1
using,1
usual,1
usually,2
uufef,1
uufefeduaubdedubu,2
uufefuufefcan,1
uufefuufefeduaubdedubueduaubdedubu,1
v,2
validation,1
vancouver,2
variation,1
vawg,1
vertigrator,3
vi,2
via,1
victim,34
victimizes,1
video,1
viet,1
vietnam,47
vikramtheleo,3
vile,2
violence,2
violencerampage,1
violent,3
visit,2
voldemort,1
voluntarily,1
vp,2
vyom,3
w,8
wa,24
waiting,1
wajobu,1
wake,1
wall,2
wan,5
wanna,5
want,37
wanted,2
war,30
warcriminal,3
warm,1
warmonger,2
warmongering,6
warned,1
warns,5
wash,1
washingtonpost,2
washnewsline,1
wasnt,1
waste,1
wasted,2
watch,3
watched,1
watching,5
way,9
weakling,1
wear,1
weary,1
wearyourdissent,1
week,5
weekend,2
weighting,1
well,2
weneedlaws,2
werannymus,1
weve,3
wh,2
wha,1
whatever,1
whats,1
whereas,1
wheres,1
whichone,28
whiny,1
whit,1
white,7
whitehouse,1
whitemale,3
whitemenwillkillusall,1
whole,3
whoremonger,2
wi,1
wife,1
willbarrett,2
william,6
williamson,3
willin,2
willingn,1
willingne,3
wish,4
without,3
wizarding,1
wld,1
wliveby,1
wokebros,1
woman,5
wont,3
word,1
work,14
worked,1
working,1
workplacehealth,14
world,11
worldtheatreday,1
worried,1
worry,2
worrying,4
worse,3
worst,2
would,16
wouldnt,5
wow,1
writer,1
wro,1
wrong,8
wwiii,6
x,7
xanax,1
xanny,1
ya,1
yea,2
year,15
yellowstone,2
yes,2
yesterday,1
ymh,4
yo,4
youchoosethis,1
young,3
youre,14
youth,1
youve,1
yr,1
zero,1
zerohedge,1
zingars,1
ziprasidone,1
zodiacnein,1
